demo-1,oseuser1,kcqdibty
demo-2,oseuser2,lnbqphjc
demo-3,oseuser3,tgrflcbw
demo-4,oseuser4,hfgtrqap
demo-5,oseuser5,dsrahwie
demo-6,oseuser6,qebstvfj
demo-7,oseuser7,fnsdvwaz
demo-8,oseuser8,cdrqwekz
demo-9,oseuser9,hwlpztra
demo-10,oseuser10,qyzkpgda
demo-11,oseuser11,oqipjdmb
demo-12,oseuser12,tjfduybi
demo-13,oseuser13,fexubjzi
demo-14,oseuser14,nxfyhplv
demo-15,oseuser15,tparylhj
demo-16,oseuser16,qtlknimr
demo-17,oseuser17,gmadkuoh
demo-18,oseuser18,czegjyon
demo-19,oseuser19,oxakqncs
demo-20,oseuser20,hoyadvuc
